Workbook

Sheet Sheet1
C4: Doctor ID | D4: Doctor Name | E4: Department | F4: Consultation Fee
C5: DC01 | D5: Dr. Ahmed Khan | E5: Cardiology | F5: 2000
C6: DN02 | D6: Dr. Sara Ali | E6: Neurology | F6: 2500
C7: DO03 | D7: Dr. Hassan Raza | E7: Orthopedics | F7: 1800
C8: DP04 | D8: Dr. Ayesha Noor | E8: Pediatrics | F8: 1500
C9: DD05 | D9: Dr. Bilal Shah | E9: Dermatology | F9: 2200
C10: DE06 | D10: Dr. Umar Farooq | E10: ENT | F10: 1700
C11: DG07 | D11: Dr. Hina Malik | E11: Gynecology | F11: 3000
C12: DS08 | D12: Dr. Kamran Iqbal | E12: General Surgery | F12: 2800
C13: DY09 | D13: Dr. Maryam Siddiq | E13: Psychiatry | F13: 2600
C14: DF10 | D14: Dr. Faisal Ahmed | E14: Ophthalmology | F14: 1900

Sheet Sheet2
D3: Appointment ID | E3: Patient Name | F3: Doctor ID | G3: Appointment Date | H3: Appointment Time | I3: Arrival Time | J3: Delay | K3: Status
D4: A001 | E4: Ali Hassan | F4: DC01 | G4: 46023 | H4: 0.41666667 | I4: 0.41666667 | J4: =if(isblank(I4),"",(I4-H4)) -> 0 | K4: =IFS(isblank(I4),"Missed",J4=0,"ON Time",J4>0,"Late") -> ON Time
D5: A002 | E5: Fatima Noor | F5: DN02 | G5: 46024 | H5: 0.4375 | I5: 0.4375 | J5: =if(isblank(I5),"",(I5-H5)) -> 0 | K5: =IFS(isblank(I5),"Missed",J5=0,"ON Time",J5>0,"Late") -> ON Time
D6: A003 | E6: Usman Rafiq | F6: DO03 | G6: 46025 | H6: 0.45833333 | I6: 0.46875 | J6: =if(isblank(I6),"",(I6-H6)) -> 0.010416667 | K6: =IFS(isblank(I6),"Missed",J6=0,"ON Time",J6>0,"Late") -> Late
D7: A004 | E7: Ayesha Khan | F7: DP04 | G7: 46026 | H7: 0.47916667 | I7: 0.47916667 | J7: =if(isblank(I7),"",(I7-H7)) -> 0 | K7: =IFS(isblank(I7),"Missed",J7=0,"ON Time",J7>0,"Late") -> ON Time
D8: A005 | E8: Hamza Ali | F8: DD05 | G8: 46055 | H8: 0.5 | I8: 0.50694444 | J8: =if(isblank(I8),"",(I8-H8)) -> 0.0069444444 | K8: =IFS(isblank(I8),"Missed",J8=0,"ON Time",J8>0,"Late") -> Late
D9: A006 | E9: AbdulAllah | F9: DE06 | G9: 46056 | H9: 0.52083333 | J9: =if(isblank(I9),"",(I9-H9)) | K9: =IFS(isblank(I9),"Missed",J9=0,"ON Time",J9>0,"Late") -> Missed
D10: A007 | E10: Bilal Ahmed | F10: DG07 | G10: 46057 | H10: 0.54166667 | I10: 0.55902778 | J10: =if(isblank(I10),"",(I10-H10)) -> 0.017361111 | K10: =IFS(isblank(I10),"Missed",J10=0,"ON Time",J10>0,"Late") -> Late
D11: A008 | E11: Hira Salman | F11: DS08 | G11: 46058 | H11: 0.5625 | I11: 0.5625 | J11: =if(isblank(I11),"",(I11-H11)) -> 0 | K11: =IFS(isblank(I11),"Missed",J11=0,"ON Time",J11>0,"Late") -> ON Time
D12: A009 | E12: Saad Rehman | F12: DY09 | G12: 46059 | H12: 0.58333333 | J12: =if(isblank(I12),"",(I12-H12)) | K12: =IFS(isblank(I12),"Missed",J12=0,"ON Time",J12>0,"Late") -> Missed
D13: A010 | E13: Maryam Iqbal | F13: DF10 | G13: 46060 | H13: 0.60416667 | I13: 0.60416667 | J13: =if(isblank(I13),"",(I13-H13)) -> 0 | K13: =IFS(isblank(I13),"Missed",J13=0,"ON Time",J13>0,"Late") -> ON Time

Sheet Sheet3
C4: Appointment ID | D4: Appointment Date | E4: Patient Name | F4: Doctor ID | G4: Doctor Fee | H4: Total Bill
C5: =VLOOKUP(Sheet2!D4,Appointments[],1,False) -> A001 | D5: =VLOOKUP(C5,Appointments[],4,false) -> 46023 | E5: =VLOOKUP(C5,Appointments[],2,false) -> Ali Hassan | F5: =VLOOKUP(Sheet1!C5,Sheet1!C5:F14,1,False) -> DC01 | G5: =VLOOKUP(F5,Sheet1!C5:F14,4,false) -> 2000 | H5: =G5 -> 2000
C6: =VLOOKUP(Sheet2!D5,Appointments[],1,False) -> A002 | D6: =VLOOKUP(C6,Appointments[],4,false) -> 46024 | E6: =VLOOKUP(C6,Appointments[],2,false) -> Fatima Noor | F6: =VLOOKUP(Sheet1!C6,Sheet1!C6:F15,1,False) -> DN02 | G6: =VLOOKUP(F6,Sheet1!C6:F15,4,false) -> 2500 | H6: =G6 -> 2500
C7: =VLOOKUP(Sheet2!D6,Appointments[],1,False) -> A003 | D7: =VLOOKUP(C7,Appointments[],4,false) -> 46025 | E7: =VLOOKUP(C7,Appointments[],2,false) -> Usman Rafiq | F7: =VLOOKUP(Sheet1!C7,Sheet1!C7:F16,1,False) -> DO03 | G7: =VLOOKUP(F7,Sheet1!C7:F16,4,false) -> 1800 | H7: =G7 -> 1800
C8: =VLOOKUP(Sheet2!D7,Appointments[],1,False) -> A004 | D8: =VLOOKUP(C8,Appointments[],4,false) -> 46026 | E8: =VLOOKUP(C8,Appointments[],2,false) -> Ayesha Khan | F8: =VLOOKUP(Sheet1!C8,Sheet1!C8:F17,1,False) -> DP04 | G8: =VLOOKUP(F8,Sheet1!C8:F17,4,false) -> 1500 | H8: =G8 -> 1500
C9: =VLOOKUP(Sheet2!D8,Appointments[],1,False) -> A005 | D9: =VLOOKUP(C9,Appointments[],4,false) -> 46055 | E9: =VLOOKUP(C9,Appointments[],2,false) -> Hamza Ali | F9: =VLOOKUP(Sheet1!C9,Sheet1!C9:F18,1,False) -> DD05 | G9: =VLOOKUP(F9,Sheet1!C9:F18,4,false) -> 2200 | H9: =G9 -> 2200
C10: =VLOOKUP(Sheet2!D9,Appointments[],1,False) -> A006 | D10: =VLOOKUP(C10,Appointments[],4,false) -> 46056 | E10: =VLOOKUP(C10,Appointments[],2,false) -> AbdulAllah | F10: =VLOOKUP(Sheet1!C10,Sheet1!C10:F19,1,False) -> DE06 | G10: =VLOOKUP(F10,Sheet1!C10:F19,4,false) -> 1700 | H10: =G10 -> 1700
C11: =VLOOKUP(Sheet2!D10,Appointments[],1,False) -> A007 | D11: =VLOOKUP(C11,Appointments[],4,false) -> 46057 | E11: =VLOOKUP(C11,Appointments[],2,false) -> Bilal Ahmed | F11: =VLOOKUP(Sheet1!C11,Sheet1!C11:F20,1,False) -> DG07 | G11: =VLOOKUP(F11,Sheet1!C11:F20,4,false) -> 3000 | H11: =G11 -> 3000
C12: =VLOOKUP(Sheet2!D11,Appointments[],1,False) -> A008 | D12: =VLOOKUP(C12,Appointments[],4,false) -> 46058 | E12: =VLOOKUP(C12,Appointments[],2,false) -> Hira Salman | F12: =VLOOKUP(Sheet1!C12,Sheet1!C12:F21,1,False) -> DS08 | G12: =VLOOKUP(F12,Sheet1!C12:F21,4,false) -> 2800 | H12: =G12 -> 2800
C13: =VLOOKUP(Sheet2!D12,Appointments[],1,False) -> A009 | D13: =VLOOKUP(C13,Appointments[],4,false) -> 46059 | E13: =VLOOKUP(C13,Appointments[],2,false) -> Saad Rehman | F13: =VLOOKUP(Sheet1!C13,Sheet1!C13:F22,1,False) -> DY09 | G13: =VLOOKUP(F13,Sheet1!C13:F22,4,false) -> 2600 | H13: =G13 -> 2600
C14: =VLOOKUP(Sheet2!D13,Appointments[],1,False) -> A010 | D14: =VLOOKUP(C14,Appointments[],4,false) -> 46060 | E14: =VLOOKUP(C14,Appointments[],2,false) -> Maryam Iqbal | F14: =VLOOKUP(Sheet1!C14,Sheet1!C14:F23,1,False) -> DF10 | G14: =VLOOKUP(F14,Sheet1!C14:F23,4,false) -> 1900 | H14: =G14 -> 1900

Sheet Sheet4
C4: Date | D4: Total patients | E4: Total Revenue
C5: 46023 | D5: =COUNTIF(Sheet2!G:G, C5) -> 1 | E5: =SUMIF(Sheet3!D:D, C5, Sheet3!H:H) -> 2000
C6: 46024 | D6: =COUNTIF(Sheet2!G:G, C6) -> 1 | E6: =SUMIF(Sheet3!D:D, C6, Sheet3!H:H) -> 2500
C7: 46025 | D7: =COUNTIF(Sheet2!G:G, C7) -> 1 | E7: =SUMIF(Sheet3!D:D, C7, Sheet3!H:H) -> 1800
C8: 46026 | D8: =COUNTIF(Sheet2!G:G, C8) -> 1 | E8: =SUMIF(Sheet3!D:D, C8, Sheet3!H:H) -> 1500
C9: 46055 | D9: =COUNTIF(Sheet2!G:G, C9) -> 1 | E9: =SUMIF(Sheet3!D:D, C9, Sheet3!H:H) -> 2200
C10: 46056 | D10: =COUNTIF(Sheet2!G:G, C10) -> 1 | E10: =SUMIF(Sheet3!D:D, C10, Sheet3!H:H) -> 1700
C11: 46057 | D11: =COUNTIF(Sheet2!G:G, C11) -> 1 | E11: =SUMIF(Sheet3!D:D, C11, Sheet3!H:H) -> 3000
C12: 46058 | D12: =COUNTIF(Sheet2!G:G, C12) -> 1 | E12: =SUMIF(Sheet3!D:D, C12, Sheet3!H:H) -> 2800
C13: 46059 | D13: =COUNTIF(Sheet2!G:G, C13) -> 1 | E13: =SUMIF(Sheet3!D:D, C13, Sheet3!H:H) -> 2600
C14: 46060 | D14: =COUNTIF(Sheet2!G:G, C14) -> 1 | E14: =SUMIF(Sheet3!D:D, C14, Sheet3!H:H) -> 1900

Sheet Sheet5
B3: Doctor ID | C3: Doctor's Name | D3: Total Patients | E3: Total Revenue
B4: DC01 | C4: =VLOOKUP(B4,Sheet1!C5:F14,2,false) -> Dr. Ahmed Khan | D4: =COUNTIF(Sheet2!F:F,B4) -> 1 | E4: =SUMIF(Sheet3!F:F,B4, Sheet3!H:H) -> 2000
B5: DN02 | C5: =VLOOKUP(B5,Sheet1!C6:F15,2,false) -> Dr. Sara Ali | D5: =COUNTIF(Sheet2!F:F,B5) -> 1 | E5: =SUMIF(Sheet3!F:F,B5, Sheet3!H:H) -> 2500
B6: DO03 | C6: =VLOOKUP(B6,Sheet1!C7:F16,2,false) -> Dr. Hassan Raza | D6: =COUNTIF(Sheet2!F:F,B6) -> 1 | E6: =SUMIF(Sheet3!F:F,B6, Sheet3!H:H) -> 1800
B7: DP04 | C7: =VLOOKUP(B7,Sheet1!C8:F17,2,false) -> Dr. Ayesha Noor | D7: =COUNTIF(Sheet2!F:F,B7) -> 1 | E7: =SUMIF(Sheet3!F:F,B7, Sheet3!H:H) -> 1500
B8: DD05 | C8: =VLOOKUP(B8,Sheet1!C9:F18,2,false) -> Dr. Bilal Shah | D8: =COUNTIF(Sheet2!F:F,B8) -> 1 | E8: =SUMIF(Sheet3!F:F,B8, Sheet3!H:H) -> 2200
B9: DE06 | C9: =VLOOKUP(B9,Sheet1!C10:F19,2,false) -> Dr. Umar Farooq | D9: =COUNTIF(Sheet2!F:F,B9) -> 1 | E9: =SUMIF(Sheet3!F:F,B9, Sheet3!H:H) -> 1700
B10: DG07 | C10: =VLOOKUP(B10,Sheet1!C11:F20,2,false) -> Dr. Hina Malik | D10: =COUNTIF(Sheet2!F:F,B10) -> 1 | E10: =SUMIF(Sheet3!F:F,B10, Sheet3!H:H) -> 3000
B11: DS08 | C11: =VLOOKUP(B11,Sheet1!C12:F21,2,false) -> Dr. Kamran Iqbal | D11: =COUNTIF(Sheet2!F:F,B11) -> 1 | E11: =SUMIF(Sheet3!F:F,B11, Sheet3!H:H) -> 2800
B12: DY09 | C12: =VLOOKUP(B12,Sheet1!C13:F22,2,false) -> Dr. Maryam Siddiq | D12: =COUNTIF(Sheet2!F:F,B12) -> 1 | E12: =SUMIF(Sheet3!F:F,B12, Sheet3!H:H) -> 2600
B13: DF10 | C13: =VLOOKUP(B13,Sheet1!C14:F23,2,false) -> Dr. Faisal Ahmed | D13: =COUNTIF(Sheet2!F:F,B13) -> 1 | E13: =SUMIF(Sheet3!F:F,B13, Sheet3!H:H) -> 1900
